<?xml version="1.0" encoding="UTF-8"?>
<metadata xml:lang="zh"><Esri><CreaDate>20181226</CreaDate><CreaTime>11311600</CreaTime><ArcGISFormat>1.0</ArcGISFormat><SyncOnce>FALSE</SyncOnce><DataProperties><itemProps><itemName Sync="TRUE">Stations</itemName><imsContentType Sync="TRUE">002</imsContentType><itemSize Sync="TRUE">0.000</itemSize><itemLocation><linkage Sync="TRUE">file://\\LENOVO-PC\E$\UCL\GIS\Assessment3\南京\Nanjing_Data\Stations.shp</linkage><protocol Sync="TRUE">Local Area Network</protocol></itemLocation></itemProps><coordRef><type Sync="TRUE">Geographic</type><geogcsn Sync="TRUE">GCS_WGS_1984</geogcsn><csUnits Sync="TRUE">Angular Unit: Degree (0.017453)</csUnits><peXml Sync="TRUE">&lt;GeographicCoordinateSystem xsi:type='typens:GeographicCoordinateSystem' xmlns:xsi='http://www.w3.org/2001/XMLSchema-instance' xmlns:xs='http://www.w3.org/2001/XMLSchema' xmlns:typens='http://www.esri.com/schemas/ArcGIS/10.1'&gt;&lt;WKT&gt;GEOGCS[&amp;quot;GCS_WGS_1984&amp;quot;,DATUM[&amp;quot;D_WGS_1984&amp;quot;,SPHEROID[&amp;quot;WGS_1984&amp;quot;,6378137.0,298.257223563]],PRIMEM[&amp;quot;Greenwich&amp;quot;,0.0],UNIT[&amp;quot;Degree&amp;quot;,0.0174532925199433],AUTHORITY[&amp;quot;EPSG&amp;quot;,4326]]&lt;/WKT&gt;&lt;XOrigin&gt;-400&lt;/XOrigin&gt;&lt;YOrigin&gt;-400&lt;/YOrigin&gt;&lt;XYScale&gt;11258999068426.238&lt;/XYScale&gt;&lt;ZOrigin&gt;-100000&lt;/ZOrigin&gt;&lt;ZScale&gt;10000&lt;/ZScale&gt;&lt;MOrigin&gt;-100000&lt;/MOrigin&gt;&lt;MScale&gt;10000&lt;/MScale&gt;&lt;XYTolerance&gt;8.983152841195215e-009&lt;/XYTolerance&gt;&lt;ZTolerance&gt;0.001&lt;/ZTolerance&gt;&lt;MTolerance&gt;0.001&lt;/MTolerance&gt;&lt;HighPrecision&gt;true&lt;/HighPrecision&gt;&lt;LeftLongitude&gt;-180&lt;/LeftLongitude&gt;&lt;WKID&gt;4326&lt;/WKID&gt;&lt;LatestWKID&gt;4326&lt;/LatestWKID&gt;&lt;/GeographicCoordinateSystem&gt;</peXml></coordRef><lineage><Process Name="Join Field" ToolSource="d:\program files\arcgis\desktop 10.2\desktop10.2\ArcToolbox\Toolboxes\Data Management Tools.tbx\JoinField" Date="20181231" Time="003038">JoinField Stations_project FID E:\UCL\GIS\Assessment3\南京\Nanjing_Data\Stations_buffer_SpatialJoin.shp FID Price</Process><Process Name="Join Field (2)" ToolSource="d:\program files\arcgis\desktop 10.2\desktop10.2\ArcToolbox\Toolboxes\Data Management Tools.tbx\JoinField" Date="20181231" Time="003116">JoinField Stations_project FID E:\UCL\GIS\Assessment3\南京\Nanjing_Data\half_hour_commute_spatialJoin.shp FID Join_Count</Process><Process Name="Add Field" ToolSource="d:\program files\arcgis\desktop 10.2\desktop10.2\ArcToolbox\Toolboxes\Data Management Tools.tbx\AddField" Date="20181231" Time="003359">AddField Stations_project Index DOUBLE # # # # NULLABLE NON_REQUIRED #</Process><Process Name="Calculate Field" ToolSource="d:\program files\arcgis\desktop 10.2\desktop10.2\ArcToolbox\Toolboxes\Data Management Tools.tbx\CalculateField" Date="20181231" Time="003435">CalculateField Stations_project Index CalculateIndex( !Price!, !Join_Count!) PYTHON_9.3 "def CalculateIndex(price,company):\n  if price == 0:\n    return 0 \n  else:\n    return (company*100)/float(price)"</Process><Process Name="Calculate Field" ToolSource="d:\program files\arcgis\desktop 10.2\desktop10.2\ArcToolbox\Toolboxes\Data Management Tools.tbx\CalculateField" Date="20181231" Time="003719">CalculateField Stations_project Index CalculateIndex( !Price!, !Join_Count!) PYTHON_9.3 "def CalculateIndex(price,company):\n  if price == 0:\n    return 0 \n  else:\n    return (company*100)/float(price)"</Process><Process Name="Calculate Field" ToolSource="d:\program files\arcgis\desktop 10.2\desktop10.2\ArcToolbox\Toolboxes\Data Management Tools.tbx\CalculateField" Date="20181231" Time="003723">CalculateField Stations_project Index CalculateIndex( !Price!, !Join_Count!) PYTHON_9.3 "def CalculateIndex(price,company):\n  if price == 0:\n    return 0 \n  else:\n    return (company*100)/float(price)"</Process><Process ToolSource="d:\program files\arcgis\desktop 10.2\desktop10.2\ArcToolbox\Toolboxes\Data Management Tools.tbx\CalculateField" Date="20181231" Time="003905">CalculateField Stations_project Index CalculateIndex( !Price!, !Join_Count!) PYTHON_9.3 "def CalculateIndex(price,company):\n  if price == 0:\n    return 0\n  else:\n    return (company*100)/float(price)"</Process><Process Name="Calculate Field" ToolSource="d:\program files\arcgis\desktop 10.2\desktop10.2\ArcToolbox\Toolboxes\Data Management Tools.tbx\CalculateField" Date="20181231" Time="003952">CalculateField Stations_project Index CalculateIndex( !Price! , !Join_Count! ) PYTHON_9.3 "def CalculateIndex(price,company):\n  if price == 0:\n    return 0\n  else:\n    return (company*100)/float(price)"</Process><Process Name="Add Field (2)" ToolSource="d:\program files\arcgis\desktop 10.2\desktop10.2\ArcToolbox\Toolboxes\Data Management Tools.tbx\AddField" Date="20181231" Time="004006">AddField Stations_project index2 DOUBLE # # # # NULLABLE NON_REQUIRED #</Process><Process Name="Calculate Field (2)" ToolSource="d:\program files\arcgis\desktop 10.2\desktop10.2\ArcToolbox\Toolboxes\Data Management Tools.tbx\CalculateField" Date="20181231" Time="004131">CalculateField Stations_project index2 CalculateIndex2( !Index! ) PYTHON_9.3 "my_list = arcpy.da.TableToNumPyArray("Stations_project", "index")\nmy_max = max(my_list["index"])\ndef CalculateIndex2(index):\n  global my_max\n  percentage = index/my_max\n  return percentage"</Process><Process Name="Calculate Field (2)" ToolSource="d:\program files\arcgis\desktop 10.2\desktop10.2\ArcToolbox\Toolboxes\Data Management Tools.tbx\CalculateField" Date="20181231" Time="004210">CalculateField Stations_project index2 CalculateIndex2( !Index! ) PYTHON_9.3 "my_list = arcpy.da.TableToNumPyArray("Stations_project", "index")\nmy_max = max(my_list["index"])\ndef CalculateIndex2(index):\n  global my_max\n  percentage = index/my_max\n  return percentage"</Process><Process ToolSource="d:\program files\arcgis\desktop 10.2\desktop10.2\ArcToolbox\Toolboxes\Data Management Tools.tbx\CalculateField" Date="20181231" Time="004245">CalculateField Stations_project index2 CalculateIndex2( !Index!) PYTHON_9.3 "my_list = arcpy.da.TableToNumPyArray("Stations_project", "index")\nmy_max = max(my_list["index"])\ndef CalculateIndex2(index):\n  global my_max\n  percentage = index/my_max\n  return percentage"</Process><Process Name="Calculate Field (2)" ToolSource="d:\program files\arcgis\desktop 10.2\desktop10.2\ArcToolbox\Toolboxes\Data Management Tools.tbx\CalculateField" Date="20181231" Time="004254">CalculateField Stations_project index2 CalculateIndex2( !Index! ) PYTHON_9.3 "my_list = arcpy.da.TableToNumPyArray("Stations_project", "index")\nmy_max = max(my_list["index"])\ndef CalculateIndex2(index):\n  global my_max\n  percentage = index/my_max\n  return percentage"</Process><Process Name="Join Field" ToolSource="d:\program files\arcgis\desktop 10.2\desktop10.2\ArcToolbox\Toolboxes\Data Management Tools.tbx\JoinField" Date="20181231" Time="004449">JoinField Stations_project FID E:\UCL\GIS\Assessment3\南京\Nanjing_Data\Stations_buffer_SpatialJoin.shp FID Price</Process><Process Name="Join Field (2)" ToolSource="d:\program files\arcgis\desktop 10.2\desktop10.2\ArcToolbox\Toolboxes\Data Management Tools.tbx\JoinField" Date="20181231" Time="004505">JoinField Stations_project FID E:\UCL\GIS\Assessment3\南京\Nanjing_Data\half_hour_commute_spatialJoin.shp FID Join_Count</Process><Process Name="Add Field" ToolSource="d:\program files\arcgis\desktop 10.2\desktop10.2\ArcToolbox\Toolboxes\Data Management Tools.tbx\AddField" Date="20181231" Time="004511">AddField Stations_project Index DOUBLE # # # # NULLABLE NON_REQUIRED #</Process><Process Name="Calculate Field" ToolSource="d:\program files\arcgis\desktop 10.2\desktop10.2\ArcToolbox\Toolboxes\Data Management Tools.tbx\CalculateField" Date="20181231" Time="004516">CalculateField Stations_project Index CalculateIndex( !Price! , !Join_Count! ) PYTHON_9.3 "def CalculateIndex(price,company):\n  if price == 0:\n    return 0\n  else:\n    return (company*100)/float(price)"</Process><Process Name="Calculate Field" ToolSource="d:\program files\arcgis\desktop 10.2\desktop10.2\ArcToolbox\Toolboxes\Data Management Tools.tbx\CalculateField" Date="20181231" Time="004607">CalculateField Stations_project Index CalculateIndex( !Price! , !Join_Count! ) PYTHON "def CalculateIndex(price,company):\n  if price == 0:\n    return 0\n  else:\n    return (company*100)/float(price)"</Process><Process Name="Add Field (2)" ToolSource="d:\program files\arcgis\desktop 10.2\desktop10.2\ArcToolbox\Toolboxes\Data Management Tools.tbx\AddField" Date="20181231" Time="004616">AddField Stations_project index2 DOUBLE # # # # NULLABLE NON_REQUIRED #</Process><Process Name="Calculate Field (2)" ToolSource="d:\program files\arcgis\desktop 10.2\desktop10.2\ArcToolbox\Toolboxes\Data Management Tools.tbx\CalculateField" Date="20181231" Time="004626">CalculateField Stations_project index2 CalculateIndex2( !Index! ) PYTHON "my_list = arcpy.da.TableToNumPyArray("Stations_project", "index")\nmy_max = max(my_list["index"])\ndef CalculateIndex2(index):\n  global my_max\n  percentage = index/my_max\n  return percentage"</Process><Process Name="Calculate Field (2)" ToolSource="d:\program files\arcgis\desktop 10.2\desktop10.2\ArcToolbox\Toolboxes\Data Management Tools.tbx\CalculateField" Date="20181231" Time="004657">CalculateField Stations_project index2 CalculateIndex2( !Index! ) PYTHON "my_list = arcpy.da.TableToNumPyArray("Stations_project", "index")\nmy_max = max(my_list["index"])\ndef CalculateIndex2(index):\n  global my_max\n  percentage = index/my_max\n  return percentage"</Process><Process Name="Add Field" ToolSource="d:\program files\arcgis\desktop 10.2\desktop10.2\ArcToolbox\Toolboxes\Data Management Tools.tbx\AddField" Date="20181231" Time="004711">AddField Stations_project Index DOUBLE # # # # NULLABLE NON_REQUIRED #</Process><Process Name="Add Field" ToolSource="d:\program files\arcgis\desktop 10.2\desktop10.2\ArcToolbox\Toolboxes\Data Management Tools.tbx\AddField" Date="20181231" Time="004736">AddField Stations_project Index DOUBLE # # # # NULLABLE NON_REQUIRED #</Process><Process Name="Calculate Field" ToolSource="d:\program files\arcgis\desktop 10.2\desktop10.2\ArcToolbox\Toolboxes\Data Management Tools.tbx\CalculateField" Date="20181231" Time="004739">CalculateField Stations_project Index CalculateIndex( !Price! , !Join_Count! ) PYTHON "def CalculateIndex(price,company):\n  if price == 0:\n    return 0\n  else:\n    return (company*100)/float(price)"</Process><Process Name="Add Field (2)" ToolSource="d:\program files\arcgis\desktop 10.2\desktop10.2\ArcToolbox\Toolboxes\Data Management Tools.tbx\AddField" Date="20181231" Time="004932">AddField Stations_project index2 DOUBLE # # # # NULLABLE NON_REQUIRED #</Process><Process Name="Calculate Field (2)" ToolSource="d:\program files\arcgis\desktop 10.2\desktop10.2\ArcToolbox\Toolboxes\Data Management Tools.tbx\CalculateField" Date="20181231" Time="004936">CalculateField Stations_project index2 CalculateIndex2( !Index! ) PYTHON "my_list = arcpy.da.TableToNumPyArray("Stations_project", "index")\nmy_max = max(my_list["index"])\ndef CalculateIndex2(index):\n  global my_max\n  percentage = index/my_max\n  return percentage"</Process><Process Name="Join Field" ToolSource="d:\program files\arcgis\desktop 10.2\desktop10.2\ArcToolbox\Toolboxes\Data Management Tools.tbx\JoinField" Date="20190101" Time="210309">JoinField Stations_project FID E:\UCL\GIS\Assessment3\南京\Nanjing_Data\Stations_buffer_SpatialJoin.shp FID Price</Process><Process Name="Join Field (2)" ToolSource="d:\program files\arcgis\desktop 10.2\desktop10.2\ArcToolbox\Toolboxes\Data Management Tools.tbx\JoinField" Date="20190101" Time="210627">JoinField Stations_project FID E:\UCL\GIS\Assessment3\南京\Nanjing_Data\half_hour_commute_spatialJoin.shp FID Join_Count</Process><Process Name="Add Field" ToolSource="d:\program files\arcgis\desktop 10.2\desktop10.2\ArcToolbox\Toolboxes\Data Management Tools.tbx\AddField" Date="20190101" Time="210646">AddField Stations_project HRCEI DOUBLE # # # # NULLABLE NON_REQUIRED #</Process><Process Name="Calculate Field" ToolSource="d:\program files\arcgis\desktop 10.2\desktop10.2\ArcToolbox\Toolboxes\Data Management Tools.tbx\CalculateField" Date="20190101" Time="210649">CalculateField Stations_project HRCEI CalculateIndex( !Price! , !Join_Count! ) PYTHON "def CalculateIndex(price,company):\n  if price == 0:\n    return 0\n  else:\n    return (company*100)/float(price)"</Process><Process Name="Add Field (2)" ToolSource="d:\program files\arcgis\desktop 10.2\desktop10.2\ArcToolbox\Toolboxes\Data Management Tools.tbx\AddField" Date="20190101" Time="210653">AddField Stations_project HRCEI_0_1 DOUBLE # # # # NULLABLE NON_REQUIRED #</Process><Process Name="Calculate Field (2)" ToolSource="d:\program files\arcgis\desktop 10.2\desktop10.2\ArcToolbox\Toolboxes\Data Management Tools.tbx\CalculateField" Date="20190101" Time="210827">CalculateField Stations_project HRCEI_0_1 CalculateIndex2( !HRCEI! ) PYTHON "my_list = arcpy.da.TableToNumPyArray("Stations_project", "HRCEI")\nmy_max = max(my_list["HRCEI"])\ndef CalculateIndex2(index):\n  global my_max\n  percentage = index/my_max\n  return percentage"</Process><Process Name="Join Field" ToolSource="d:\program files\arcgis\desktop 10.2\desktop10.2\ArcToolbox\Toolboxes\Data Management Tools.tbx\JoinField" Date="20190101" Time="211834">JoinField E:\UCL\GIS\Assessment3\南京\Nanjing_Data\Stations_project.shp FID E:\UCL\GIS\Assessment3\南京\Nanjing_Data\Stations_buffer_SpatialJoin.shp FID Price</Process><Process Name="Join Field (2)" ToolSource="d:\program files\arcgis\desktop 10.2\desktop10.2\ArcToolbox\Toolboxes\Data Management Tools.tbx\JoinField" Date="20190101" Time="211926">JoinField E:\UCL\GIS\Assessment3\南京\Nanjing_Data\Stations_project.shp FID E:\UCL\GIS\Assessment3\南京\Nanjing_Data\half_hour_commute_spatialJoin.shp FID Join_Count</Process><Process Name="Add Field" ToolSource="d:\program files\arcgis\desktop 10.2\desktop10.2\ArcToolbox\Toolboxes\Data Management Tools.tbx\AddField" Date="20190101" Time="211926">AddField E:\UCL\GIS\Assessment3\南京\Nanjing_Data\Stations_project.shp HRCEI DOUBLE # # # # NULLABLE NON_REQUIRED #</Process><Process Name="Calculate Field" ToolSource="d:\program files\arcgis\desktop 10.2\desktop10.2\ArcToolbox\Toolboxes\Data Management Tools.tbx\CalculateField" Date="20190101" Time="211926">CalculateField E:\UCL\GIS\Assessment3\南京\Nanjing_Data\Stations_project.shp HRCEI CalculateIndex( !Price! , !Join_Count! ) PYTHON "def CalculateIndex(price,company):\n  if price == 0:\n    return 0\n  else:\n    return (company*100)/float(price)"</Process><Process Name="Add Field (2)" ToolSource="d:\program files\arcgis\desktop 10.2\desktop10.2\ArcToolbox\Toolboxes\Data Management Tools.tbx\AddField" Date="20190101" Time="211926">AddField E:\UCL\GIS\Assessment3\南京\Nanjing_Data\Stations_project.shp HRCEI_0_1 DOUBLE # # # # NULLABLE NON_REQUIRED #</Process><Process Name="Calculate Field (2)" ToolSource="d:\program files\arcgis\desktop 10.2\desktop10.2\ArcToolbox\Toolboxes\Data Management Tools.tbx\CalculateField" Date="20190101" Time="212034">CalculateField Stations_project HRCEI_0_1 CalculateIndex2( !HRCEI! ) PYTHON "my_list = arcpy.da.TableToNumPyArray("Stations_project", "HRCEI")\nmy_max = max(my_list["HRCEI"])\ndef CalculateIndex2(index):\n  global my_max\n  percentage = index/my_max\n  return percentage"</Process><Process Name="Add Field" ToolSource="d:\program files\arcgis\desktop 10.2\desktop10.2\ArcToolbox\Toolboxes\Data Management Tools.tbx\AddField" Date="20190101" Time="212115">AddField Stations_project HRCEI DOUBLE # # # # NULLABLE NON_REQUIRED #</Process><Process Name="Calculate Field" ToolSource="d:\program files\arcgis\desktop 10.2\desktop10.2\ArcToolbox\Toolboxes\Data Management Tools.tbx\CalculateField" Date="20190101" Time="212118">CalculateField Stations_project HRCEI CalculateIndex( !Price! , !Join_Count! ) PYTHON "def CalculateIndex(price,company):\n  if price == 0:\n    return 0\n  else:\n    return (company*100)/float(price)"</Process><Process Name="Add Field (2)" ToolSource="d:\program files\arcgis\desktop 10.2\desktop10.2\ArcToolbox\Toolboxes\Data Management Tools.tbx\AddField" Date="20190101" Time="212121">AddField Stations_project HRCEI_0_1 DOUBLE # # # # NULLABLE NON_REQUIRED #</Process><Process Name="Calculate Field (2)" ToolSource="d:\program files\arcgis\desktop 10.2\desktop10.2\ArcToolbox\Toolboxes\Data Management Tools.tbx\CalculateField" Date="20190101" Time="212124">CalculateField Stations_project HRCEI_0_1 CalculateIndex2( !HRCEI! ) PYTHON "my_list = arcpy.da.TableToNumPyArray("Stations_project", "HRCEI")\nmy_max = max(my_list["HRCEI"])\ndef CalculateIndex2(index):\n  global my_max\n  percentage = index/my_max\n  return percentage"</Process><Process Name="Join Field" ToolSource="d:\program files\arcgis\desktop 10.2\desktop10.2\ArcToolbox\Toolboxes\Data Management Tools.tbx\JoinField" Date="20190101" Time="212258">JoinField E:\UCL\GIS\Assessment3\南京\Nanjing_Data\Stations_project.shp FID E:\UCL\GIS\Assessment3\南京\Nanjing_Data\Stations_buffer_SpatialJoin.shp FID Price</Process><Process Name="Join Field (2)" ToolSource="d:\program files\arcgis\desktop 10.2\desktop10.2\ArcToolbox\Toolboxes\Data Management Tools.tbx\JoinField" Date="20190101" Time="212345">JoinField E:\UCL\GIS\Assessment3\南京\Nanjing_Data\Stations_project.shp FID E:\UCL\GIS\Assessment3\南京\Nanjing_Data\half_hour_commute_spatialJoin.shp FID Join_Count</Process><Process Name="Add Field" ToolSource="d:\program files\arcgis\desktop 10.2\desktop10.2\ArcToolbox\Toolboxes\Data Management Tools.tbx\AddField" Date="20190101" Time="212345">AddField E:\UCL\GIS\Assessment3\南京\Nanjing_Data\Stations_project.shp HRCEI DOUBLE # # # # NULLABLE NON_REQUIRED #</Process><Process Name="Calculate Field" ToolSource="d:\program files\arcgis\desktop 10.2\desktop10.2\ArcToolbox\Toolboxes\Data Management Tools.tbx\CalculateField" Date="20190101" Time="212345">CalculateField E:\UCL\GIS\Assessment3\南京\Nanjing_Data\Stations_project.shp HRCEI CalculateIndex( !Price! , !Join_Count! ) PYTHON "def CalculateIndex(price,company):\n  if price == 0:\n    return 0\n  else:\n    return (company*100)/float(price)"</Process><Process Name="Add Field (2)" ToolSource="d:\program files\arcgis\desktop 10.2\desktop10.2\ArcToolbox\Toolboxes\Data Management Tools.tbx\AddField" Date="20190101" Time="212346">AddField E:\UCL\GIS\Assessment3\南京\Nanjing_Data\Stations_project.shp HRCEI_0_1 DOUBLE # # # # NULLABLE NON_REQUIRED #</Process><Process Name="Calculate Field (2)" ToolSource="d:\program files\arcgis\desktop 10.2\desktop10.2\ArcToolbox\Toolboxes\Data Management Tools.tbx\CalculateField" Date="20190101" Time="212514">CalculateField Stations_project HRCEI_0_1 CalculateIndex2( !HRCEI! ) PYTHON "my_list = arcpy.da.TableToNumPyArray("Stations_project", "HRCEI")\nmy_max = max(my_list["HRCEI"])\ndef CalculateIndex2(index):\n  global my_max\n  percentage = index/my_max\n  return percentage"</Process><Process Name="Join Field" ToolSource="d:\program files\arcgis\desktop 10.2\desktop10.2\ArcToolbox\Toolboxes\Data Management Tools.tbx\JoinField" Date="20190101" Time="212605">JoinField E:\UCL\GIS\Assessment3\南京\Nanjing_Data\Stations_project.shp FID E:\UCL\GIS\Assessment3\南京\Nanjing_Data\Stations_buffer_SpatialJoin.shp FID Price</Process><Process Name="Join Field (2)" ToolSource="d:\program files\arcgis\desktop 10.2\desktop10.2\ArcToolbox\Toolboxes\Data Management Tools.tbx\JoinField" Date="20190101" Time="212653">JoinField E:\UCL\GIS\Assessment3\南京\Nanjing_Data\Stations_project.shp FID E:\UCL\GIS\Assessment3\南京\Nanjing_Data\half_hour_commute_spatialJoin.shp FID Join_Count</Process><Process Name="Add Field" ToolSource="d:\program files\arcgis\desktop 10.2\desktop10.2\ArcToolbox\Toolboxes\Data Management Tools.tbx\AddField" Date="20190101" Time="212653">AddField E:\UCL\GIS\Assessment3\南京\Nanjing_Data\Stations_project.shp HRCEI DOUBLE # # # # NULLABLE NON_REQUIRED #</Process><Process Name="Calculate Field" ToolSource="d:\program files\arcgis\desktop 10.2\desktop10.2\ArcToolbox\Toolboxes\Data Management Tools.tbx\CalculateField" Date="20190101" Time="212653">CalculateField E:\UCL\GIS\Assessment3\南京\Nanjing_Data\Stations_project.shp HRCEI CalculateIndex( !Price! , !Join_Count! ) PYTHON "def CalculateIndex(price,company):\n  if price == 0:\n    return 0\n  else:\n    return (company*100)/float(price)"</Process><Process Name="Add Field (2)" ToolSource="d:\program files\arcgis\desktop 10.2\desktop10.2\ArcToolbox\Toolboxes\Data Management Tools.tbx\AddField" Date="20190101" Time="212653">AddField E:\UCL\GIS\Assessment3\南京\Nanjing_Data\Stations_project.shp HRCEI_0_1 DOUBLE # # # # NULLABLE NON_REQUIRED #</Process><Process Name="Join Field" ToolSource="d:\program files\arcgis\desktop 10.2\desktop10.2\ArcToolbox\Toolboxes\Data Management Tools.tbx\JoinField" Date="20190101" Time="212813">JoinField Stations_project FID E:\UCL\GIS\Assessment3\南京\Nanjing_Data\Stations_buffer_SpatialJoin.shp FID Price</Process><Process Name="Join Field (2)" ToolSource="d:\program files\arcgis\desktop 10.2\desktop10.2\ArcToolbox\Toolboxes\Data Management Tools.tbx\JoinField" Date="20190101" Time="212900">JoinField Stations_project FID E:\UCL\GIS\Assessment3\南京\Nanjing_Data\half_hour_commute_spatialJoin.shp FID Join_Count</Process><Process Name="Add Field" ToolSource="d:\program files\arcgis\desktop 10.2\desktop10.2\ArcToolbox\Toolboxes\Data Management Tools.tbx\AddField" Date="20190101" Time="212900">AddField Stations_project HRCEI DOUBLE # # # # NULLABLE NON_REQUIRED #</Process><Process Name="Calculate Field" ToolSource="d:\program files\arcgis\desktop 10.2\desktop10.2\ArcToolbox\Toolboxes\Data Management Tools.tbx\CalculateField" Date="20190101" Time="212900">CalculateField Stations_project HRCEI CalculateIndex( !Price! , !Join_Count! ) PYTHON "def CalculateIndex(price,company):\n  if price == 0:\n    return 0\n  else:\n    return (company*100)/float(price)"</Process><Process Name="Add Field (2)" ToolSource="d:\program files\arcgis\desktop 10.2\desktop10.2\ArcToolbox\Toolboxes\Data Management Tools.tbx\AddField" Date="20190101" Time="212900">AddField Stations_project HRCEI_0_1 DOUBLE # # # # NULLABLE NON_REQUIRED #</Process><Process Name="Calculate Field (2)" ToolSource="d:\program files\arcgis\desktop 10.2\desktop10.2\ArcToolbox\Toolboxes\Data Management Tools.tbx\CalculateField" Date="20190101" Time="212900">CalculateField Stations_project HRCEI_0_1 CalculateIndex2( !HRCEI! ) PYTHON "my_list = arcpy.da.TableToNumPyArray("Stations_project", "HRCEI")\nmy_max = max(my_list["HRCEI"])\ndef CalculateIndex2(index):\n  global my_max\n  percentage = index/my_max\n  return percentage"</Process><Process Name="Join Field" ToolSource="d:\program files\arcgis\desktop 10.2\desktop10.2\ArcToolbox\Toolboxes\Data Management Tools.tbx\JoinField" Date="20190102" Time="132949">JoinField Stations FID E:\UCL\GIS\Assessment3\南京\Nanjing_Data\Stations_buffer_SpatialJoin.shp FID Price</Process><Process Name="Join Field" ToolSource="d:\program files\arcgis\desktop 10.2\desktop10.2\ArcToolbox\Toolboxes\Data Management Tools.tbx\JoinField" Date="20190102" Time="133443">JoinField Stations FID E:\UCL\GIS\Assessment3\data\Stations_buffer_SpatialJoin.shp FID Price</Process><Process Name="Join Field" ToolSource="d:\program files\arcgis\desktop 10.2\desktop10.2\ArcToolbox\Toolboxes\Data Management Tools.tbx\JoinField" Date="20190102" Time="134348">JoinField Stations FID E:\UCL\GIS\Assessment3\data\Stations_buffer_SpatialJoin.shp FID Price</Process><Process Name="Join Field (2)" ToolSource="d:\program files\arcgis\desktop 10.2\desktop10.2\ArcToolbox\Toolboxes\Data Management Tools.tbx\JoinField" Date="20190102" Time="135126">JoinField Stations FID E:\UCL\GIS\Assessment3\data\half_hour_commute_spatialJoin.shp FID Join_Count</Process><Process Name="Add Field" ToolSource="d:\program files\arcgis\desktop 10.2\desktop10.2\ArcToolbox\Toolboxes\Data Management Tools.tbx\AddField" Date="20190102" Time="135147">AddField Stations HRCEI DOUBLE # # # # NULLABLE NON_REQUIRED #</Process><Process Name="Calculate Field" ToolSource="d:\program files\arcgis\desktop 10.2\desktop10.2\ArcToolbox\Toolboxes\Data Management Tools.tbx\CalculateField" Date="20190102" Time="135158">CalculateField Stations HRCEI CalculateIndex( !Price! , !Join_Count! ) PYTHON "def CalculateIndex(price,company):\n  if price == 0:\n    return 0\n  else:\n    return (company*100)/float(price)"</Process><Process Name="Add Field (2)" ToolSource="d:\program files\arcgis\desktop 10.2\desktop10.2\ArcToolbox\Toolboxes\Data Management Tools.tbx\AddField" Date="20190102" Time="135209">AddField Stations HRCEI_0_1 DOUBLE # # # # NULLABLE NON_REQUIRED #</Process><Process Name="Add Field" ToolSource="d:\program files\arcgis\desktop 10.2\desktop10.2\ArcToolbox\Toolboxes\Data Management Tools.tbx\AddField" Date="20190102" Time="135245">AddField Stations HRCEI DOUBLE # # # # NULLABLE NON_REQUIRED #</Process><Process Name="Calculate Field" ToolSource="d:\program files\arcgis\desktop 10.2\desktop10.2\ArcToolbox\Toolboxes\Data Management Tools.tbx\CalculateField" Date="20190102" Time="135248">CalculateField Stations HRCEI CalculateIndex( !Price! , !Join_Count! ) PYTHON "def CalculateIndex(price,company):\n  if price == 0:\n    return 0\n  else:\n    return (company*100)/float(price)"</Process><Process Name="Add Field (2)" ToolSource="d:\program files\arcgis\desktop 10.2\desktop10.2\ArcToolbox\Toolboxes\Data Management Tools.tbx\AddField" Date="20190102" Time="135252">AddField Stations HRCEI_0_1 DOUBLE # # # # NULLABLE NON_REQUIRED #</Process><Process Name="Calculate Field (2)" ToolSource="d:\program files\arcgis\desktop 10.2\desktop10.2\ArcToolbox\Toolboxes\Data Management Tools.tbx\CalculateField" Date="20190102" Time="135318">CalculateField Stations HRCEI_0_1 CalculateIndex2( !HRCEI! ) PYTHON "my_list = arcpy.da.TableToNumPyArray("Stations", "HRCEI")\nmy_max = max(my_list["HRCEI"])\ndef CalculateIndex2(index):\n  global my_max\n  percentage = index/my_max\n  return percentage"</Process><Process Name="Join Field" ToolSource="d:\program files\arcgis\desktop 10.2\desktop10.2\ArcToolbox\Toolboxes\Data Management Tools.tbx\JoinField" Date="20190102" Time="135439">JoinField Stations FID E:\UCL\GIS\Assessment3\data\Stations_buffer_SpatialJoin.shp FID Price</Process><Process Name="Join Field (2)" ToolSource="d:\program files\arcgis\desktop 10.2\desktop10.2\ArcToolbox\Toolboxes\Data Management Tools.tbx\JoinField" Date="20190102" Time="135603">JoinField Stations FID E:\UCL\GIS\Assessment3\data\half_hour_commute_spatialJoin.shp FID Join_Count</Process><Process Name="Add Field" ToolSource="d:\program files\arcgis\desktop 10.2\desktop10.2\ArcToolbox\Toolboxes\Data Management Tools.tbx\AddField" Date="20190102" Time="135604">AddField Stations HRCEI DOUBLE # # # # NULLABLE NON_REQUIRED #</Process><Process Name="Calculate Field" ToolSource="d:\program files\arcgis\desktop 10.2\desktop10.2\ArcToolbox\Toolboxes\Data Management Tools.tbx\CalculateField" Date="20190102" Time="135604">CalculateField Stations HRCEI CalculateIndex( !Price! , !Join_Count! ) PYTHON "def CalculateIndex(price,company):\n  if price == 0:\n    return 0\n  else:\n    return (company*100)/float(price)"</Process><Process Name="Add Field (2)" ToolSource="d:\program files\arcgis\desktop 10.2\desktop10.2\ArcToolbox\Toolboxes\Data Management Tools.tbx\AddField" Date="20190102" Time="135604">AddField Stations HRCEI_0_1 DOUBLE # # # # NULLABLE NON_REQUIRED #</Process><Process Name="Calculate Field (2)" ToolSource="d:\program files\arcgis\desktop 10.2\desktop10.2\ArcToolbox\Toolboxes\Data Management Tools.tbx\CalculateField" Date="20190102" Time="135604">CalculateField Stations HRCEI_0_1 CalculateIndex2( !HRCEI! ) PYTHON "my_list = arcpy.da.TableToNumPyArray("Stations", "HRCEI")\nmy_max = max(my_list["HRCEI"])\ndef CalculateIndex2(index):\n  global my_max\n  percentage = index/my_max\n  return percentage"</Process><Process Name="Join Field" ToolSource="d:\program files\arcgis\desktop 10.2\desktop10.2\ArcToolbox\Toolboxes\Data Management Tools.tbx\JoinField" Date="20190102" Time="140657">JoinField Stations FID E:\UCL\GIS\Assessment3\data\Stations_buffer_SpatialJoin.shp FID Price</Process><Process Name="Join Field (2)" ToolSource="d:\program files\arcgis\desktop 10.2\desktop10.2\ArcToolbox\Toolboxes\Data Management Tools.tbx\JoinField" Date="20190102" Time="140843">JoinField Stations FID E:\UCL\GIS\Assessment3\data\half_hour_commute_spatialJoin.shp FID Join_Count</Process><Process Name="Add Field" ToolSource="d:\program files\arcgis\desktop 10.2\desktop10.2\ArcToolbox\Toolboxes\Data Management Tools.tbx\AddField" Date="20190102" Time="140843">AddField Stations HRCEI DOUBLE # # # # NULLABLE NON_REQUIRED #</Process><Process Name="Join Field" ToolSource="d:\program files\arcgis\desktop 10.2\desktop10.2\ArcToolbox\Toolboxes\Data Management Tools.tbx\JoinField" Date="20190102" Time="141919">JoinField Stations FID E:\UCL\GIS\Assessment3\data\Stations_buffer_SpatialJoin.shp FID Price</Process><Process Name="Join Field (2)" ToolSource="d:\program files\arcgis\desktop 10.2\desktop10.2\ArcToolbox\Toolboxes\Data Management Tools.tbx\JoinField" Date="20190102" Time="142123">JoinField Stations FID E:\UCL\GIS\Assessment3\data\half_hour_commute_spatialJoin.shp FID Join_Count</Process><Process Name="Add Field" ToolSource="d:\program files\arcgis\desktop 10.2\desktop10.2\ArcToolbox\Toolboxes\Data Management Tools.tbx\AddField" Date="20190102" Time="142123">AddField Stations HRCEI DOUBLE # # # # NULLABLE NON_REQUIRED #</Process><Process Name="Calculate Field" ToolSource="d:\program files\arcgis\desktop 10.2\desktop10.2\ArcToolbox\Toolboxes\Data Management Tools.tbx\CalculateField" Date="20190102" Time="142123">CalculateField Stations HRCEI CalculateIndex( !Price! , !Join_Count! ) PYTHON "def CalculateIndex(price,company):\n  if price == 0:\n    return 0\n  else:\n    return (company*100)/float(price)"</Process><Process Name="Add Field (2)" ToolSource="d:\program files\arcgis\desktop 10.2\desktop10.2\ArcToolbox\Toolboxes\Data Management Tools.tbx\AddField" Date="20190102" Time="142123">AddField Stations HRCEI_0_1 DOUBLE # # # # NULLABLE NON_REQUIRED #</Process><Process Name="Calculate Field (2)" ToolSource="d:\program files\arcgis\desktop 10.2\desktop10.2\ArcToolbox\Toolboxes\Data Management Tools.tbx\CalculateField" Date="20190102" Time="142123">CalculateField Stations HRCEI_0_1 CalculateIndex2( !HRCEI! ) PYTHON "my_list = arcpy.da.TableToNumPyArray("Stations", "HRCEI")\nmy_max = max(my_list["HRCEI"])\ndef CalculateIndex2(index):\n  global my_max\n  percentage = index/my_max\n  return percentage"</Process><Process Name="Join Field" ToolSource="d:\program files\arcgis\desktop 10.2\desktop10.2\ArcToolbox\Toolboxes\Data Management Tools.tbx\JoinField" Date="20190103" Time="225905">JoinField Stations FID E:\UCL\GIS\Assessment3\data\Stations_buffer_SpatialJoin.shp FID Price</Process><Process Name="Join Field (2)" ToolSource="d:\program files\arcgis\desktop 10.2\desktop10.2\ArcToolbox\Toolboxes\Data Management Tools.tbx\JoinField" Date="20190103" Time="225959">JoinField Stations FID E:\UCL\GIS\Assessment3\data\half_hour_commute_spatialJoin.shp FID Join_Count</Process><Process Name="Add Field" ToolSource="d:\program files\arcgis\desktop 10.2\desktop10.2\ArcToolbox\Toolboxes\Data Management Tools.tbx\AddField" Date="20190103" Time="225959">AddField Stations HRCEI DOUBLE # # # # NULLABLE NON_REQUIRED #</Process><Process Name="Calculate Field" ToolSource="d:\program files\arcgis\desktop 10.2\desktop10.2\ArcToolbox\Toolboxes\Data Management Tools.tbx\CalculateField" Date="20190103" Time="225959">CalculateField Stations HRCEI CalculateIndex( !Price! , !Join_Count! ) PYTHON "def CalculateIndex(price,company):\n  if price == 0:\n    return 0\n  else:\n    return (company*100)/float(price)"</Process><Process Name="Add Field (2)" ToolSource="d:\program files\arcgis\desktop 10.2\desktop10.2\ArcToolbox\Toolboxes\Data Management Tools.tbx\AddField" Date="20190103" Time="225959">AddField Stations HRCEI_0_1 DOUBLE # # # # NULLABLE NON_REQUIRED #</Process><Process Name="Calculate Field (2)" ToolSource="d:\program files\arcgis\desktop 10.2\desktop10.2\ArcToolbox\Toolboxes\Data Management Tools.tbx\CalculateField" Date="20190103" Time="225959">CalculateField Stations HRCEI_0_1 CalculateIndex2( !HRCEI! ) PYTHON "my_list = arcpy.da.TableToNumPyArray("Stations", "HRCEI")\nmy_max = max(my_list["HRCEI"])\ndef CalculateIndex2(index):\n  global my_max\n  percentage = index/my_max\n  return percentage"</Process></lineage></DataProperties><SyncDate>20181220</SyncDate><SyncTime>21290700</SyncTime><ModDate>20181220</ModDate><ModTime>21290700</ModTime></Esri><dataIdInfo><envirDesc Sync="TRUE"> Version 6.2 (Build 9200) ; Esri ArcGIS 10.2.0.3348</envirDesc><dataLang><languageCode value="zho" Sync="TRUE"></languageCode><countryCode value="CHN" Sync="TRUE"></countryCode></dataLang><idCitation><resTitle Sync="TRUE">Stations</resTitle><presForm><PresFormCd value="005" Sync="TRUE"></PresFormCd></presForm></idCitation><spatRpType><SpatRepTypCd value="001" Sync="TRUE"></SpatRepTypCd></spatRpType></dataIdInfo><mdLang><languageCode value="zho" Sync="TRUE"></languageCode><countryCode value="CHN" Sync="TRUE"></countryCode></mdLang><mdChar><CharSetCd value="004" Sync="TRUE"></CharSetCd></mdChar><distInfo><distFormat><formatName Sync="TRUE">Shapefile</formatName></distFormat><distTranOps><transSize Sync="TRUE">0.000</transSize></distTranOps></distInfo><mdHrLv><ScopeCd value="005" Sync="TRUE"></ScopeCd></mdHrLv><mdHrLvName Sync="TRUE">dataset</mdHrLvName><refSysInfo><RefSystem><refSysID><identCode code="4326" Sync="TRUE"></identCode><idCodeSpace Sync="TRUE">EPSG</idCodeSpace><idVersion Sync="TRUE">8.1.1</idVersion></refSysID></RefSystem></refSysInfo><spatRepInfo><VectSpatRep><geometObjs Name="Stations"><geoObjTyp><GeoObjTypCd value="004" Sync="TRUE"></GeoObjTypCd></geoObjTyp><geoObjCnt Sync="TRUE">0</geoObjCnt></geometObjs><topLvl><TopoLevCd value="001" Sync="TRUE"></TopoLevCd></topLvl></VectSpatRep></spatRepInfo><spdoinfo><ptvctinf><esriterm Name="Stations"><efeatyp Sync="TRUE">Simple</efeatyp><efeageom code="1" Sync="TRUE"></efeageom><esritopo Sync="TRUE">FALSE</esritopo><efeacnt Sync="TRUE">0</efeacnt><spindex Sync="TRUE">FALSE</spindex><linrefer Sync="TRUE">FALSE</linrefer></esriterm></ptvctinf></spdoinfo><eainfo><detailed Name="Stations"><enttyp><enttypl Sync="TRUE">Stations</enttypl><enttypt Sync="TRUE">Feature Class</enttypt><enttypc Sync="TRUE">0</enttypc></enttyp><attr><attrlabl Sync="TRUE">FID</attrlabl><attalias Sync="TRUE">FID</attalias><attrtype Sync="TRUE">OID</attrtype><attwidth Sync="TRUE">4</attwidth><atprecis Sync="TRUE">0</atprecis><attscale Sync="TRUE">0</attscale><attrdef Sync="TRUE">Internal feature number.</attrdef><attrdefs Sync="TRUE">Esri</attrdefs><attrdomv><udom Sync="TRUE">Sequential unique whole numbers that are automatically generated.</udom></attrdomv></attr><attr><attrlabl Sync="TRUE">Shape</attrlabl><attalias Sync="TRUE">Shape</attalias><attrtype Sync="TRUE">Geometry</attrtype><attwidth Sync="TRUE">0</attwidth><atprecis Sync="TRUE">0</atprecis><attscale Sync="TRUE">0</attscale><attrdef Sync="TRUE">Feature geometry.</attrdef><attrdefs Sync="TRUE">Esri</attrdefs><attrdomv><udom Sync="TRUE">Coordinates defining the features.</udom></attrdomv></attr><attr><attrlabl Sync="TRUE">Name</attrlabl><attalias Sync="TRUE">Name</attalias><attrtype Sync="TRUE">String</attrtype><attwidth Sync="TRUE">254</attwidth><atprecis Sync="TRUE">0</atprecis><attscale Sync="TRUE">0</attscale></attr><attr><attrlabl Sync="TRUE">lat</attrlabl><attalias Sync="TRUE">lat</attalias><attrtype Sync="TRUE">Double</attrtype><attwidth Sync="TRUE">19</attwidth><atprecis Sync="TRUE">0</atprecis><attscale Sync="TRUE">0</attscale></attr><attr><attrlabl Sync="TRUE">lng</attrlabl><attalias Sync="TRUE">lng</attalias><attrtype Sync="TRUE">Double</attrtype><attwidth Sync="TRUE">19</attwidth><atprecis Sync="TRUE">0</atprecis><attscale Sync="TRUE">0</attscale></attr></detailed></eainfo><mdDateSt Sync="TRUE">20181220</mdDateSt></metadata>
